{"cameraMode":{"drawMode":0,"name":"Shaded","section":"Shading Mode"},"sceneLighting":true,"audioPlay":false,"sceneViewState":{"m_AlwaysRefresh":false,"showFog":true,"showSkybox":true,"showFlares":true,"showImageEffects":true,"showParticleSystems":true,"showVisualEffectGraphs":true,"m_FxEnabled":true},"in2DMode":false,"pivot":{"x":0.2762322425842285,"y":1.69361412525177,"z":2.3450446128845217},"rotation":{"x":0.08090920001268387,"y":0.0074753412045538429,"z":-0.0006068304646760225,"w":0.9966934323310852},"size":7.5861287117004398,"orthographic":true}